mean_fit_time,std_fit_time,mean_score_time,std_score_time,param_model__alpha,params,split0_test_score,split1_test_score,split2_test_score,split3_test_score,split4_test_score,mean_test_score,std_test_score,rank_test_score,rmse_mean
0.054993391036987305,0.011464492270588473,0.025029850006103516,0.005745878182794977,0.1,{'model__alpha': 0.1},-2.0685674913748255e-07,-2.2866307681068893e-07,-1.587408092496057e-07,-2.1397048916548912e-07,-2.0232560502444336e-07,-2.0211134587754192e-07,2.3448675448932898e-08,1,0.00044956795468265075
0.08414897918701172,0.026863725117051034,0.036099576950073244,0.015683003838589688,1.0,{'model__alpha': 1.0},-1.9996673819461134e-05,-2.1769439643651692e-05,-1.50615336844486e-05,-2.0649440277142064e-05,-1.9607837621526515e-05,-1.9416985009246e-05,2.297625246783467e-06,2,0.004406470811119257
0.05013289451599121,0.005180799416977911,0.02884831428527832,0.01800441205574092,10.0,{'model__alpha': 10.0},-0.0015241653276551093,-0.0015328944409644305,-0.0010576052029536587,-0.001559588339574219,-0.0015007203739953066,-0.0014349947370285447,0.00018963229252565609,3,0.03788132438324385
0.04342441558837891,0.008532350780523284,0.0344426155090332,0.014375527108207978,50.0,{'model__alpha': 50.0},-0.01691897242404762,-0.015515668141000463,-0.011339665338697697,-0.01712719982937804,-0.01654590095609839,-0.015489481337844443,0.0021477079693622723,4,0.12445674484673155
0.06001348495483398,0.00761179484501013,0.02918386459350586,0.012442190451431683,100.0,{'model__alpha': 100.0},-0.035154695577703565,-0.030995991535758084,-0.023791400380532558,-0.03562375104614026,-0.03458552356786817,-0.032030272421600524,0.0044306470535087645,5,0.17897003218863353
