mean_fit_time,std_fit_time,mean_score_time,std_score_time,param_model__alpha,params,split0_test_score,split1_test_score,split2_test_score,split3_test_score,split4_test_score,mean_test_score,std_test_score,rank_test_score,rmse_mean
0.06472468376159668,0.03533479124880078,0.02127237319946289,0.005192686062500268,0.1,{'model__alpha': 0.1},-2.0685674913748255e-07,-2.2866307681068893e-07,-1.587408092496057e-07,-2.1397048916548912e-07,-2.0232560502444336e-07,-2.0211134587754192e-07,2.3448675448932898e-08,1,0.00044956795468265075
0.0567936897277832,0.021632652566284317,0.0387359619140625,0.016409863608296,1.0,{'model__alpha': 1.0},-1.9996673819461134e-05,-2.1769439643651692e-05,-1.50615336844486e-05,-2.0649440277142064e-05,-1.9607837621526515e-05,-1.9416985009246e-05,2.297625246783467e-06,2,0.004406470811119257
0.062134170532226564,0.022703585489609622,0.024247074127197267,0.006096165535240047,10.0,{'model__alpha': 10.0},-0.0015241653276551093,-0.0015328944409644305,-0.0010576052029536587,-0.001559588339574219,-0.0015007203739953066,-0.0014349947370285447,0.00018963229252565609,3,0.03788132438324385
0.09603362083435059,0.02167590015506224,0.036926794052124026,0.01653854841054691,50.0,{'model__alpha': 50.0},-0.01691897242404762,-0.015515668141000463,-0.011339665338697697,-0.01712719982937804,-0.01654590095609839,-0.015489481337844443,0.0021477079693622723,4,0.12445674484673155
0.06750192642211914,0.02157181326297809,0.028941774368286134,0.011757198947530254,100.0,{'model__alpha': 100.0},-0.035154695577703565,-0.030995991535758084,-0.023791400380532558,-0.03562375104614026,-0.03458552356786817,-0.032030272421600524,0.0044306470535087645,5,0.17897003218863353
